{"cameraMode":{"drawMode":0,"name":"Shaded","section":"Shading Mode"},"sceneLighting":true,"audioPlay":false,"sceneViewState":{"showFog":true,"showMaterialUpdate":false,"showSkybox":true,"showFlares":true,"showImageEffects":true,"showParticleSystems":true},"in2DMode":false,"pivot":{"x":-18.486602783203126,"y":2.3584985733032228,"z":-23.8433837890625},"rotation":{"x":0.14214132726192475,"y":0.3217642903327942,"z":-0.048926178365945819,"w":0.9348121285438538},"size":0.34579211473464968,"orthographic":false}